"","10","12","3","4","6","7","9","0","Trajectory","Gene"
"fusA1 F596L",0,0,0,0,0,0,6.9,0,1,"fusA1 F596L"
"fusA1 Q678L",38.7,50.2,27,60.1,48.4,26.3,35.2,0,2,"fusA1 Q678L"
"fusA1 R680C",55.4,23.3,12.3,25.2,40.1,71.5,46.5,0,3,"fusA1 R680C"
"PA14_41270 T387P",0,0,0,0,0,36.7,0,0,4,"PA14_41270 T387P"
"PA14_RS18770 Q87*",0,0,40,0,0,0,0,0,5,"PA14_RS18770 Q87*"
"PA14_RS27645 Q252P",0,0,0,0,10.4,0,0,0,6,"PA14_RS27645 Q252P"
"ptsP A685D",0,10.4,17,0,0,0,6.1,0,7,"ptsP A685D"
"ptsP G190D",0,7,0,0,0,0,18.8,0,8,"ptsP G190D"
"ptsP V643F",0,0,17.4,0,0,0,13.9,0,9,"ptsP V643F"
"ptsP V661E",0,7.4,10.5,17.7,0,0,0,0,10,"ptsP V661E"
